Workbook

Sheet read first
A1: Numbers are industry-average estimates / typical ranges and refer to cradle-to-gate or upstream production in most cited sources unless otherwise stat LCA values vary by country, energy mix, feedstock (e.g., virgin vs recycled), and process. I give ranges and flag when values are highly variable. Primary sources used (detailed below): TENCEL™ LCA claim snapshots, CE Delft recycling LCA, Climatiq / OEKOBAUDAT nylon emission factors, recent cotton LCA literature, Textile Exchange reports and aggregated LCA studies. I cite source IDs after the table so you can open the originals.

Sheet Material  list
A1: Material / Component | B1: Category | C1: Key Properties / Typical Uses / Notes
A2: Cotton | B2: Natural fiber | C2: Soft, breathable, highly versatile; used for shirts, t-shirts, underwear, denim.
A3: Wool | B3: Natural fiber | C3: Warm, insulating, odor-resistant; used for sweaters, coats, knitwear.
A4: Merino Wool | B4: Natural fiber | C4: Finer wool; lightweight, temperature-regulating; used in activewear, base layers.
A5: Cashmere | B5: Natural fiber | C5: Very soft and insulating; used for luxury knitwear, scarves.
A6: Alpaca | B6: Natural fiber | C6: Soft, hypoallergenic, warmer than wool; used for premium knitwear.
A7: Mohair | B7: Natural fiber | C7: Silky, durable, lustrous; used for sweaters, suits, specialty fabrics.
A8: Silk | B8: Natural fiber | C8: Smooth, drapey, luxurious; used for dresses, blouses, linings.
A9: Linen (Flax) | B9: Natural fiber | C9: Breathable, strong, textured; ideal for summer garments.
A10: Hemp | B10: Natural fiber | C10: Durable, eco-friendly, breathable; used for sustainable apparel.
A11: Jute | B11: Natural fiber | C11: Coarse, strong; used in accessories, bags, home textiles.
A12: Bamboo (Viscose form) | B12: Natural/Semi-synthetic | C12: Soft, smooth; often found in activewear, loungewear.
... A49: Softshell Fabrics | B49: Technical textile | C49: Stretchy, water-resistant; active/outdoor wear.

Sheet LCA results
A1: Material | B1: Category | C1: GHG (kg CO₂e/kg) | D1: Water (L/kg) | E1: Energy (MJ/kg) | F1: Chemical / toxicity | G1: Circularity potential
A2: Cotton (conventional) | B2: Natural fiber | C2: 0.9 – 3.5 | D2: 5,000 – 20,000 | E2: 20 – 80 | F2: Fertilizers/pesticides; eutrophication risk | G2: Medium (mechanical recycle limits)
A3: Organic cotton | B3: Natural fiber | C3: 0.5 – 2.5 | D3: 3,000 – 15,000 | E3: 20 – 90 | F3: Lower synthetic pesticide use; soil management matters | G3: Medium
A4: Linen (flax) | B4: Natural fiber | C4: 0.3 – 1.0 | D4: 300 – 3,000 | E4: 10 – 40 | F4: Low agrochemical input generally | G4: Medium-High
A5: Hemp | B5: Natural fiber | C5: 0.4 – 1.5 | D5: 100 – 2,000 | E5: 10 – 40 | F5: Low agrochemical needs if managed | G5: Medium-High
A6: Jute | B6: Natural fiber | C6: 0.3 – 1.2 | D6: 200 – 2,000 | E6: 8 – 30 | F6: Low to moderate agrochemicals | G6: Medium
A7: Wool (average) | B7: Natural fiber (animal) | C7: 5 – 20 | D7: 5,000 – 15,000 | E7: 40 – 150 | F7: Methane from sheep; scouring chemicals | G7: Medium
A8: Merino wool | B8: Natural fiber | C8: 6 – 25 | D8: 6,000 – 18,000 | E8: 50 – 160 | F8: Often pastoral impacts; pesticide dips possible | G8: Medium
A9: Cashmere | B9: Natural fiber | C9: 10 – 70 | D9: 6,000 – 25,000 | E9: 60 – 250 | F9: Low yields → high per-kg footprint; grazing impacts | G9: Medium-Low
A10: Alpaca | B10: Natural fiber | C10: 4 – 18 | D10: 2,000 – 12,000 | E10: 30 – 120 | F10: Lower land degradation vs goat/cashmere | G10: Medium
A11: Mohair | B11: Natural fiber | C11: 4 – 20 | D11: 3,000 – 12,000 | E11: 30 – 140 | F11: Similar to other animal fibers | G11: Medium
A12: Silk | B12: Natural fiber | C12: 2 – 7 | D12: 2,000 – 8,000 | E12: 30 – 100 | F12: Low agrochemical use in sericulture; processing chemicals possible | G12: Medium
... A43: Threads (cotton) | B43: Construction material | C43: 0.9 – 3.5 | D43: 3,000 – 12,000 | E43: 20 – 80 | F43: Follows cotton profile | G43: Medium
A44: Buttons — plastic (poly) | B44: Trim | C44: 1.5 – 4.0 | D44: 5 – 30 | E44: 10 – 50 | F44: Petrochemical plastics; low water

Sheet Garmet comparison
A1: Garment Type | B1: Material | C1: Material Share (%) | D1: Weight (g) | E1: CO2 Factor (kg CO2/kg) | F1: Water Factor (L/kg) | G1: Energy Factor (MJ/kg) | H1: CO2 Total (kg) | I1: Water Total (L) | J1: Energy Total (MJ)
A2: T-Shirt | B2: Cotton | C2: 100 | D2: 180 | E2: 12 | F2: 2700 | G2: 55 | H2: =(D2/1000)*E2*(C2/100) -> 2.16 | I2: =(D2/1000)*F2*(C2/100) -> 486 | J2: =(D2/1000)*G2*(C2/100) -> 9.9
A3: Hoodie | B3: Polyester | C3: 100 | D3: 450 | E3: 9.5 | F3: 90 | G3: 95 | H3: =(D3/1000)*E3*(C3/100) -> 4.275 | I3: =(D3/1000)*F3*(C3/100) -> 40.5 | J3: =(D3/1000)*G3*(C3/100) -> 42.75
A4: Jeans | B4: Cotton | C4: 100 | D4: 650 | E4: 12 | F4: 2700 | G4: 55 | H4: =(D4/1000)*E4*(C4/100) -> 7.8 | I4: =(D4/1000)*F4*(C4/100) -> 1755 | J4: =(D4/1000)*G4*(C4/100) -> 35.75
A5: Dress | B5: Viscose | C5: 100 | D5: 300 | E5: 8.5 | F5: 3500 | G5: 65 | H5: =(D5/1000)*E5*(C5/100) -> 2.55 | I5: =(D5/1000)*F5*(C5/100) -> 1050 | J5: =(D5/1000)*G5*(C5/100) -> 19.5
A6: Jacket | B6: Nylon | C6: 100 | D6: 700 | E6: 10 | F6: 100 | G6: 110 | H6: =(D6/1000)*E6*(C6/100) -> 7 | I6: =(D6/1000)*F6*(C6/100) -> 70 | J6: =(D6/1000)*G6*(C6/100) -> 77
A7: Sweater | B7: Wool | C7: 100 | D7: 500 | E7: 23 | F7: 15000 | G7: 120 | H7: =(D7/1000)*E7*(C7/100) -> 11.5 | I7: =(D7/1000)*F7*(C7/100) -> 7500 | J7: =(D7/1000)*G7*(C7/100) -> 60
A8: Leggings | B8: Elastane | C8: 20 | D8: 220 | E8: 30 | F8: 2000 | G8: 150 | H8: =(D8/1000)*E8*(C8/100) -> 1.32 | I8: =(D8/1000)*F8*(C8/100) -> 88 | J8: =(D8/1000)*G8*(C8/100) -> 6.6
A9: Shirt | B9: Cotton | C9: 100 | D9: 250 | E9: 12 | F9: 2700 | G9: 55 | H9: =(D9/1000)*E9*(C9/100) -> 3 | I9: =(D9/1000)*F9*(C9/100) -> 675 | J9: =(D9/1000)*G9*(C9/100) -> 13.75
A10: Skirt | B10: Polyester | C10: 100 | D10: 200 | E10: 9.5 | F10: 90 | G10: 95 | H10: =(D10/1000)*E10*(C10/100) -> 1.9 | I10: =(D10/1000)*F10*(C10/100) -> 18 | J10: =(D10/1000)*G10*(C10/100) -> 19
A11: Shorts | B11: Cotton | C11: 100 | D11: 220 | E11: 12 | F11: 2700 | G11: 55 | H11: =(D11/1000)*E11*(C11/100) -> 2.64 | I11: =(D11/1000)*F11*(C11/100) -> 594 | J11: =(D11/1000)*G11*(C11/100) -> 12.1

Sheet Parameters
A1: Parameter | B1: Value | C1: Notes
A2: Weight_CO2 | B2: 0.35 | C2: Relative weight for GHG/climate
A3: Weight_Water | B3: 0.25 | C3: Relative weight for water consumption
A4: Weight_Energy | B4: 0.15 | C4: Relative weight for energy use
A5: Weight_Chemicals | B5: 0.15 | C5: Relative weight for chemical/toxicity risk
A6: Weight_Circularity | B6: 0.1 | C6: Relative weight for circularity potential
A7: CO2_Benchmark_Worst (kgCO2/kg) | B7: 60 | C7: Benchmark worst-case (e.g., tanned leather ~60 kg/kg)
A8: CO2_Benchmark_Best (kgCO2/kg) | B8: 0 | C8: Best-case (theoretical lower bound)
A9: Water_Benchmark_Worst (L/kg) | B9: 30000 | C9: Worst-case water use (high-end denim finishing)
A10: Water_Benchmark_Best (L/kg) | B10: 0 | C10: Best-case
A11: Energy_Benchmark_Worst (MJ/kg) | B11: 400 | C11: Worst-case energy (leather, intensive processes)
A12: Energy_Benchmark_Best (MJ/kg) | B12: 0 | C12: Best-case
A13: Chem_Worst (score 0-10) | B13: 10 | C13: Chemistry worst-case (10 = high concern)
... A21: Grade_E_threshold | B21: 0 | C21: Else => Grade E

Sheet Sources
A1: Source title | B1: Short description / relevance | C1: URL (for reference)
A2: Higg MSI Methodology (Feb 2023) | B2: Material-level cradle-to-gate scoring and chemistry indicator guidance | C2: https://msicontributor.higg.org/uploads/msicontributor.higg.org/sac_textpage_section_files/31/file/Higg_MSI_Methodology_February_2023.pdf
A3: Textile Exchange Fiber & Materials Matrix (2024/2025) | B3: Preferred Fiber & Materials Matrix methodology for weighting indicators and normalization | C3: https://textileexchange.org/app/uploads/2025/04/Fiber-and-Materials-Matrix-Methodology.pdf
A4: Ecoinvent Impact Assessment docs | B4: LCIA methods and characterization factors used for greenhouse gas, water, toxicity | C4: https://support.ecoinvent.org/impact-assessment
A5: French Textile Eco-Score / Ecobalyse overview | B5: National eco-score rules and use of LCA-based multi-indicator scoring | C5: https://carbonfact.com/eco-score-guide
A6: Circularity Index Methodologies (example: OVS/CircularityIndex) | B6: Example frameworks for circularity scoring in textiles | C6: https://wecare.ovscorporate.it/pdf/CircularityIndex_Methodology.pdf

Sheet Materials
A1: Material | B1: Category | C1: CO2_mid (kgCO2/kg) | D1: Water_mid (L/kg) | E1: Energy_mid (MJ/kg) | F1: Chemistry_score (0-10) | G1: Circularity_score (0-100) | H1: Notes
A2: Cotton (conv) | B2: Natural | C2: 2.2 | D2: 12500 | E2: 50 | F2: 6 | G2: 60 | H2: High water; medium chemistry
A3: Organic Cotton | B3: Natural | C3: 1.5 | D3: 9000 | E3: 50 | F3: 3 | G3: 60 | H3: Lower pesticide use
A4: Polyester (virgin) | B4: Synthetic | C4: 5.2 | D4: 95 | E4: 60 | F4: 5 | G4: 50 | H4: Fossil feedstock; microplastics
A5: rPET | B5: Recycled synthetic | C5: 1.5 | D5: 20 | E5: 30 | F5: 3 | G5: 70 | H5: Recycled polyester
A6: Nylon (virgin) | B6: Synthetic | C6: 10 | D6: 120 | E6: 85 | F6: 7 | G6: 45 | H6: High energy; N2O risk
A7: rNylon | B7: Recycled synthetic | C7: 3.5 | D7: 50 | E7: 40 | F7: 5 | G7: 65 | H7: Recycled nylon (e.g., ECONYL)
A8: Wool | B8: Natural | C8: 12 | D8: 10000 | E8: 95 | F8: 4 | G8: 70 | H8: Includes pastoral emissions
A9: Silk | B9: Natural | C9: 4.5 | D9: 5000 | E9: 65 | F9: 3 | G9: 60 | H9: Sericulture impacts
A10: Lyocell (Tencel) | B10: Semi-synthetic | C10: 3.2 | D10: 765 | E10: 45 | F10: 2 | G10: 75 | H10: Closed-loop solvent recovery
A11: Viscose (generic) | B11: Semi-synthetic | C11: 3.75 | D11: 2750 | E11: 50 | F11: 6 | G11: 55 | H11: Process chemistry concerns historically
A12: PU-coated fabric | B12: Coating | C12: 7.5 | D12: 225 | E12: 90 | F12: 7 | G12: 30 | H12: Coating adds chemistry and lowers circularity
A13: PVC faux leather | B13: Coating | C13: 5 | D13: 275 | E13: 70 | F13: 8 | G13: 20 | H13: Chlorinated chemistry
... A15: Elastane | B15: Synthetic | C15: 17.5 | D15: 55 | E15: 140 | F15: 9 | G15: 10 | H15: High chemistry concerns, low circularity

Sheet Garments
A1: Garment | B1: Component | C1: Material (select) | D1: Material weight (g) | E1: Material share (%) | F1: CO2_per_kg | G1: Water_per_kg | H1: Energy_per_kg | I1: Chem_score | J1: Circ_score | K1: CO2_total (kg) | L1: Water_total (L) | M1: Energy_total (MJ) | N1: Subscore_CO2 (0-100) | O1: Subscore_Water (0-100) | P1: Subscore_Energy (0-100) | Q1: Subscore_Chem (0-100) | R1: Subscore_Circ (0-100) | S1: Eco_score (0-100) | T1: Grade (A-E)
A2: T-Shirt | B2: Body | C2: Cotton (conv) | D2: 180 | E2: 100 | F2: =IFERROR(INDEX(Materials!C:C,MATCH(C2,Materials!A:A,0)),"") -> 2.2 | G2: =IFERROR(INDEX(Materials!D:D,MATCH(C2,Materials!A:A,0)),"") -> 12500 | H2: =IFERROR(INDEX(Materials!E:E,MATCH(C2,Materials!A:A,0)),"") -> 50 | I2: =IFERROR(INDEX(Materials!F:F,MATCH(C2,Materials!A:A,0)),"") -> 6 | J2: =IFERROR(INDEX(Materials!G:G,MATCH(C2,Materials!A:A,0)),"") -> 60 | K2: =IF(F2<>"",(D2/1000)*F2*(E2/100),"") -> 0.396 | L2: =IF(G2<>"",(D2/1000)*G2*(E2/100),"") -> 2250 | M2: =IF(H2<>"",(D2/1000)*H2*(E2/100),"") -> 9 | N2: =IF(F2="","",MAX(0,MIN(100,(1-((F2-[1]Parameters!$B$8)/([1]Parameters!$B$7-[1]Parameters!$B$8)))*100))) -> 96.333333 | O2: =IF(G2="","",MAX(0,MIN(100,(1-((G2-[1]Parameters!$B$10)/([1]Parameters!$B$9-[1]Parameters!$B$10)))*100))) -> 58.333333 | P2: =IF(H2="","",MAX(0,MIN(100,(1-((H2-[1]Parameters!$B$12)/([1]Parameters!$B$11-[1]Parameters!$B$12)))*100))) -> 87.5 | Q2: =IF(I2="","",MAX(0,MIN(100,(1-((I2-[1]Parameters!$B$14)/([1]Parameters!$B$13-[1]Parameters!$B$14)))*100))) -> 40 | R2: =IF(J2="","",J2) -> 60 | S2: =IF(N2="","",N2*[1]Parameters!$B$2 + O2*[1]Parameters!$B$3 + P2*[1]Parameters!$B$4 + Q2*[1]Parameters!$B$5 + R2*[1]Parameters!$B$6) -> 73.425 | T2: =IF(S2="","",IF(S2>=$B$16,"A",IF(S2>=$B$17,"B",IF(S2>=$B$18,"C",IF(S2>=$B$19,"D","E"))))) -> A
A3: Jeans | B3: Body | C3: Cotton (conv) | D3: 800 | E3: 100 | F3: =IFERROR(INDEX(Materials!C:C,MATCH(C3,Materials!A:A,0)),"") -> 2.2 | G3: =IFERROR(INDEX(Materials!D:D,MATCH(C3,Materials!A:A,0)),"") -> 12500 | H3: =IFERROR(INDEX(Materials!E:E,MATCH(C3,Materials!A:A,0)),"") -> 50 | I3: =IFERROR(INDEX(Materials!F:F,MATCH(C3,Materials!A:A,0)),"") -> 6 | J3: =IFERROR(INDEX(Materials!G:G,MATCH(C3,Materials!A:A,0)),"") -> 60 | K3: =IF(F3<>"",(D3/1000)*F3*(E3/100),"") -> 1.76 | L3: =IF(G3<>"",(D3/1000)*G3*(E3/100),"") -> 10000 | M3: =IF(H3<>"",(D3/1000)*H3*(E3/100),"") -> 40 | N3: =IF(F3="","",MAX(0,MIN(100,(1-((F3-[1]Parameters!$B$8)/([1]Parameters!$B$7-[1]Parameters!$B$8)))*100))) -> 96.333333 | O3: =IF(G3="","",MAX(0,MIN(100,(1-((G3-[1]Parameters!$B$10)/([1]Parameters!$B$9-[1]Parameters!$B$10)))*100))) -> 58.333333 | P3: =IF(H3="","",MAX(0,MIN(100,(1-((H3-[1]Parameters!$B$12)/([1]Parameters!$B$11-[1]Parameters!$B$12)))*100))) -> 87.5 | Q3: =IF(I3="","",MAX(0,MIN(100,(1-((I3-[1]Parameters!$B$14)/([1]Parameters!$B$13-[1]Parameters!$B$14)))*100))) -> 40 | R3: =IF(J3="","",J3) -> 60 | S3: =IF(N3="","",N3*[1]Parameters!$B$2 + O3*[1]Parameters!$B$3 + P3*[1]Parameters!$B$4 + Q3*[1]Parameters!$B$5 + R3*[1]Parameters!$B$6) -> 73.425 | T3: =IF(S3="","",IF(S3>=$B$16,"A",IF(S3>=$B$17,"B",IF(S3>=$B$18,"C",IF(S3>=$B$19,"D","E"))))) -> A
A4: Fleece | B4: Body | C4: Polyester (virgin) | D4: 400 | E4: 100 | F4: =IFERROR(INDEX(Materials!C:C,MATCH(C4,Materials!A:A,0)),"") -> 5.2 | G4: =IFERROR(INDEX(Materials!D:D,MATCH(C4,Materials!A:A,0)),"") -> 95 | H4: =IFERROR(INDEX(Materials!E:E,MATCH(C4,Materials!A:A,0)),"") -> 60 | I4: =IFERROR(INDEX(Materials!F:F,MATCH(C4,Materials!A:A,0)),"") -> 5 | J4: =IFERROR(INDEX(Materials!G:G,MATCH(C4,Materials!A:A,0)),"") -> 50 | K4: =IF(F4<>"",(D4/1000)*F4*(E4/100),"") -> 2.08 | L4: =IF(G4<>"",(D4/1000)*G4*(E4/100),"") -> 38 | M4: =IF(H4<>"",(D4/1000)*H4*(E4/100),"") -> 24 | N4: =IF(F4="","",MAX(0,MIN(100,(1-((F4-[1]Parameters!$B$8)/([1]Parameters!$B$7-[1]Parameters!$B$8)))*100))) -> 91.333333 | O4: =IF(G4="","",MAX(0,MIN(100,(1-((G4-[1]Parameters!$B$10)/([1]Parameters!$B$9-[1]Parameters!$B$10)))*100))) -> 99.683333 | P4: =IF(H4="","",MAX(0,MIN(100,(1-((H4-[1]Parameters!$B$12)/([1]Parameters!$B$11-[1]Parameters!$B$12)))*100))) -> 85 | Q4: =IF(I4="","",MAX(0,MIN(100,(1-((I4-[1]Parameters!$B$14)/([1]Parameters!$B$13-[1]Parameters!$B$14)))*100))) -> 50 | R4: =IF(J4="","",J4) -> 50 | S4: =IF(N4="","",N4*[1]Parameters!$B$2 + O4*[1]Parameters!$B$3 + P4*[1]Parameters!$B$4 + Q4*[1]Parameters!$B$5 + R4*[1]Parameters!$B$6) -> 82.1375 | T4: =IF(S4="","",IF(S4>=$B$16,"A",IF(S4>=$B$17,"B",IF(S4>=$B$18,"C",IF(S4>=$B$19,"D","E"))))) -> A
A5: Softshell | B5: Shell | C5: PU-coated fabric | D5: 600 | E5: 77 | F5: =IFERROR(INDEX(Materials!C:C,MATCH(C5,Materials!A:A,0)),"") -> 7.5 | G5: =IFERROR(INDEX(Materials!D:D,MATCH(C5,Materials!A:A,0)),"") -> 225 | H5: =IFERROR(INDEX(Materials!E:E,MATCH(C5,Materials!A:A,0)),"") -> 90 | I5: =IFERROR(INDEX(Materials!F:F,MATCH(C5,Materials!A:A,0)),"") -> 7 | J5: =IFERROR(INDEX(Materials!G:G,MATCH(C5,Materials!A:A,0)),"") -> 30 | K5: =IF(F5<>"",(D5/1000)*F5*(E5/100),"") -> 3.465 | L5: =IF(G5<>"",(D5/1000)*G5*(E5/100),"") -> 103.95 | M5: =IF(H5<>"",(D5/1000)*H5*(E5/100),"") -> 41.58 | N5: =IF(F5="","",MAX(0,MIN(100,(1-((F5-[1]Parameters!$B$8)/([1]Parameters!$B$7-[1]Parameters!$B$8)))*100))) -> 87.5 | O5: =IF(G5="","",MAX(0,MIN(100,(1-((G5-[1]Parameters!$B$10)/([1]Parameters!$B$9-[1]Parameters!$B$10)))*100))) -> 99.25 | P5: =IF(H5="","",MAX(0,MIN(100,(1-((H5-[1]Parameters!$B$12)/([1]Parameters!$B$11-[1]Parameters!$B$12)))*100))) -> 77.5 | Q5: =IF(I5="","",MAX(0,MIN(100,(1-((I5-[1]Parameters!$B$14)/([1]Parameters!$B$13-[1]Parameters!$B$14)))*100))) -> 30 | R5: =IF(J5="","",J5) -> 30 | S5: =IF(N5="","",N5*[1]Parameters!$B$2 + O5*[1]Parameters!$B$3 + P5*[1]Parameters!$B$4 + Q5*[1]Parameters!$B$5 + R5*[1]Parameters!$B$6) -> 74.5625 | T5: =IF(S5="","",IF(S5>=$B$16,"A",IF(S5>=$B$17,"B",IF(S5>=$B$18,"C",IF(S5>=$B$19,"D","E"))))) -> A
A6: Softshell | B6: Lining | C6: Nylon (virgin) | D6: 150 | E6: 19 | F6: =IFERROR(INDEX(Materials!C:C,MATCH(C6,Materials!A:A,0)),"") -> 10 | G6: =IFERROR(INDEX(Materials!D:D,MATCH(C6,Materials!A:A,0)),"") -> 120 | H6: =IFERROR(INDEX(Materials!E:E,MATCH(C6,Materials!A:A,0)),"") -> 85 | I6: =IFERROR(INDEX(Materials!F:F,MATCH(C6,Materials!A:A,0)),"") -> 7 | J6: =IFERROR(INDEX(Materials!G:G,MATCH(C6,Materials!A:A,0)),"") -> 45 | K6: =IF(F6<>"",(D6/1000)*F6*(E6/100),"") -> 0.285 | L6: =IF(G6<>"",(D6/1000)*G6*(E6/100),"") -> 3.42 | M6: =IF(H6<>"",(D6/1000)*H6*(E6/100),"") -> 2.4225 | N6: =IF(F6="","",MAX(0,MIN(100,(1-((F6-[1]Parameters!$B$8)/([1]Parameters!$B$7-[1]Parameters!$B$8)))*100))) -> 83.333333 | O6: =IF(G6="","",MAX(0,MIN(100,(1-((G6-[1]Parameters!$B$10)/([1]Parameters!$B$9-[1]Parameters!$B$10)))*100))) -> 99.6 | P6: =IF(H6="","",MAX(0,MIN(100,(1-((H6-[1]Parameters!$B$12)/([1]Parameters!$B$11-[1]Parameters!$B$12)))*100))) -> 78.75 | Q6: =IF(I6="","",MAX(0,MIN(100,(1-((I6-[1]Parameters!$B$14)/([1]Parameters!$B$13-[1]Parameters!$B$14)))*100))) -> 30 | R6: =IF(J6="","",J6) -> 45 | S6: =IF(N6="","",N6*[1]Parameters!$B$2 + O6*[1]Parameters!$B$3 + P6*[1]Parameters!$B$4 + Q6*[1]Parameters!$B$5 + R6*[1]Parameters!$B$6) -> 74.879167 | T6: =IF(S6="","",IF(S6>=$B$16,"A",IF(S6>=$B$17,"B",IF(S6>=$B$18,"C",IF(S6>=$B$19,"D","E"))))) -> A
A7: Softshell | B7: Zipper | C7: Polyester (virgin) | D7: 30 | E7: 4 | F7: =IFERROR(INDEX(Materials!C:C,MATCH(C7,Materials!A:A,0)),"") -> 5.2 | G7: =IFERROR(INDEX(Materials!D:D,MATCH(C7,Materials!A:A,0)),"") -> 95 | H7: =IFERROR(INDEX(Materials!E:E,MATCH(C7,Materials!A:A,0)),"") -> 60 | I7: =IFERROR(INDEX(Materials!F:F,MATCH(C7,Materials!A:A,0)),"") -> 5 | J7: =IFERROR(INDEX(Materials!G:G,MATCH(C7,Materials!A:A,0)),"") -> 50 | K7: =IF(F7<>"",(D7/1000)*F7*(E7/100),"") -> 0.00624 | L7: =IF(G7<>"",(D7/1000)*G7*(E7/100),"") -> 0.114 | M7: =IF(H7<>"",(D7/1000)*H7*(E7/100),"") -> 0.072 | N7: =IF(F7="","",MAX(0,MIN(100,(1-((F7-[1]Parameters!$B$8)/([1]Parameters!$B$7-[1]Parameters!$B$8)))*100))) -> 91.333333 | O7: =IF(G7="","",MAX(0,MIN(100,(1-((G7-[1]Parameters!$B$10)/([1]Parameters!$B$9-[1]Parameters!$B$10)))*100))) -> 99.683333 | P7: =IF(H7="","",MAX(0,MIN(100,(1-((H7-[1]Parameters!$B$12)/([1]Parameters!$B$11-[1]Parameters!$B$12)))*100))) -> 85 | Q7: =IF(I7="","",MAX(0,MIN(100,(1-((I7-[1]Parameters!$B$14)/([1]Parameters!$B$13-[1]Parameters!$B$14)))*100))) -> 50 | R7: =IF(J7="","",J7) -> 50 | S7: =IF(N7="","",N7*[1]Parameters!$B$2 + O7*[1]Parameters!$B$3 + P7*[1]Parameters!$B$4 + Q7*[1]Parameters!$B$5 + R7*[1]Parameters!$B$6) -> 82.1375 | T7: =IF(S7="","",IF(S7>=$B$16,"A",IF(S7>=$B$17,"B",IF(S7>=$B$18,"C",IF(S7>=$B$19,"D","E"))))) -> A
A9: Summary: per-garment totals
A10: Garment | B10: Total CO2 (kg) | C10: Total Water (L) | D10: Total Energy (MJ) | E10: Eco Score (avg)
A11: T-Shirt | B11: =SUMIF(A2:A7,"T-Shirt",K2:K7) -> 0.396 | C11: =SUMIF(A2:A7,"T-Shirt",L2:L7) -> 2250 | D11: =SUMIF(A2:A7,"T-Shirt",M2:M7) -> 9 | E11: =IF(COUNTIF(A2:A7,"T-Shirt")=0,"",AVERAGEIF(A2:A7,"T-Shirt",S2:S7)) -> 73.425
A12: Jeans | B12: =SUMIF(A2:A7,"Jeans",K2:K7) -> 1.76 | C12: =SUMIF(A2:A7,"Jeans",L2:L7) -> 10000 | D12: =SUMIF(A2:A7,"Jeans",M2:M7) -> 40 | E12: =IF(COUNTIF(A2:A7,"Jeans")=0,"",AVERAGEIF(A2:A7,"Jeans",S2:S7)) -> 73.425
A13: Fleece | B13: =SUMIF(A2:A7,"Fleece",K2:K7) -> 2.08 | C13: =SUMIF(A2:A7,"Fleece",L2:L7) -> 38 | D13: =SUMIF(A2:A7,"Fleece",M2:M7) -> 24 | E13: =IF(COUNTIF(A2:A7,"Fleece")=0,"",AVERAGEIF(A2:A7,"Fleece",S2:S7)) -> 82.1375
A14: Softshell | B14: =SUMIF(A2:A7,"Softshell",K2:K7) -> 3.75624 | C14: =SUMIF(A2:A7,"Softshell",L2:L7) -> 107.484 | D14: =SUMIF(A2:A7,"Softshell",M2:M7) -> 44.0745 | E14: =IF(COUNTIF(A2:A7,"Softshell")=0,"",AVERAGEIF(A2:A7,"Softshell",S2:S7)) -> 77.193056

Sheet Parameters (2)
A1: Parameter | B1: Value | C1: Notes
A2: Weight_CO2 | B2: 0.35 | C2: CO2 weight
A3: Weight_Water | B3: 0.25 | C3: Water weight
A4: Weight_Energy | B4: 0.15 | C4: Energy weight
A5: Weight_Chemicals | B5: 0.15 | C5: Chemistry weight
A6: Weight_Circularity | B6: 0.1 | C6: Circularity weight
A7: CO2_Worst | B7: 60 | C7: kg CO2/kg
A8: CO2_Best | B8: 0
A9: Water_Worst | B9: 30000 | C9: L/kg
A10: Water_Best | B10: 0
A11: Energy_Worst | B11: 400 | C11: MJ/kg
A12: Energy_Best | B12: 0
A13: Chem_Worst | B13: 10 | C13: Chem score worst
A14: Chem_Best | B14: 0

Sheet Materials (2)
A1: Material | B1: Category | C1: CO2_perkg | D1: Water_perkg | E1: Energy_perkg | F1: Chem_score(0-10) | G1: Circ_score(0-100) | H1: Notes
A2: Cotton (conv) | B2: Natural | C2: 2.2 | D2: 12500 | E2: 50 | F2: 6 | G2: 60 | H2: Conventional cotton
A3: Cotton (organic) | B3: Natural | C3: 1.5 | D3: 5000 | E3: 50 | F3: 3 | G3: 60 | H3: Organic cotton
A4: Polyester (virgin) | B4: Synthetic | C4: 5.2 | D4: 95 | E4: 60 | F4: 5 | G4: 50 | H4: Virgin PET
A5: rPET | B5: Recycled | C5: 1.5 | D5: 20 | E5: 30 | F5: 3 | G5: 70 | H5: Recycled polyester (mechanical)
A6: Nylon (virgin) | B6: Synthetic | C6: 10 | D6: 120 | E6: 85 | F6: 7 | G6: 45 | H6: Virgin nylon
A7: PU coating | B7: Coating | C7: 7.5 | D7: 225 | E7: 90 | F7: 7 | G7: 30 | H7: PU coated fabric
A8: Elastane | B8: Synthetic | C8: 17.5 | D8: 55 | E8: 140 | F8: 9 | G8: 10 | H8: Spandex/elastane
A9: Leather (metal zipper proxy) | B9: Trim | C9: 15 | D9: 775 | E9: 120 | F9: 5 | G9: 40 | H9: Metal zipper proxy

Sheet Sample_Products
A1: Product | B1: Component | C1: Material | D1: Weight_g | E1: Blend_pct_mat1 | F1: Mat1_name | G1: Mat1_pct | H1: Mat2_name | I1: Mat2_pct | J1: Recycled_frac_mat1 | K1: Coating_present | L1: Elastane_frac | M1: CO2_perkg_effective | N1: Water_perkg_effective | O1: Energy_perkg_effective | P1: Chem_score_effective | Q1: Circ_score_effective | R1: CO2_total_kg | S1: Water_total_L | T1: Energy_total_MJ | U1: Sub_CO2 | V1: Sub_Water | W1: Sub_Energy | X1: Sub_Chem | Y1: Sub_Circ | Z1: Eco_Score | AA1: Grade
A2: T-Shirt | B2: Body | C2: Blend | D2: 180 | F2: Cotton (conv) | G2: 0.8 | H2: rPET | I2: 0.2 | J2: 0.2 | K2: FALSE | L2: 0 | M2: =IF(H2="", INDEX('Materials (2)'!C:C, MATCH(F2, 'Materials (2)'!A:A, 0)), INDEX('Materials (2)'!C:C, MATCH(F2, 'Materials (2)'!A:A, 0))*G2 + INDEX('Materials (2)'!C:C, MATCH(H2, 'Materials (2)'!A:A, 0))*I2) -> 2.06 | N2: =IF(H2="", INDEX('Materials (2)'!D:D, MATCH(F2, 'Materials (2)'!A:A, 0)), INDEX('Materials (2)'!D:D, MATCH(F2, 'Materials (2)'!A:A, 0))*G2 + INDEX('Materials (2)'!D:D, MATCH(H2, 'Materials (2)'!A:A, 0))*I2) -> 10004 | O2: =IF(H2="", INDEX('Materials (2)'!E:E, MATCH(F2, 'Materials (2)'!A:A, 0)), INDEX('Materials (2)'!E:E, MATCH(F2, 'Materials (2)'!A:A, 0))*G2 + INDEX('Materials (2)'!E:E, MATCH(H2, 'Materials (2)'!A:A, 0))*I2) -> 46 | P2: =IF(H2="", INDEX('Materials (2)'!F:F, MATCH(F2, 'Materials (2)'!A:A, 0)), INDEX('Materials (2)'!F:F, MATCH(F2, 'Materials (2)'!A:A, 0))*G2 + INDEX('Materials (2)'!F:F, MATCH(H2, 'Materials (2)'!A:A, 0))*I2) -> 5.4 | Q2: =IF(H2="", INDEX('Materials (2)'!G:G, MATCH(F2, 'Materials (2)'!A:A, 0)), INDEX('Materials (2)'!G:G, MATCH(F2, 'Materials (2)'!A:A, 0))*G2 + INDEX('Materials (2)'!G:G, MATCH(H2, 'Materials (2)'!A:A, 0))*I2) -> 62 | R2: =IF(M2="","", (D2/1000) * M2 * (1 + 2.5 * L2)) -> 0.3708 | S2: =IF(N2="","", (D2/1000) * N2) -> 1800.72 | T2: =IF(O2="","", (D2/1000) * O2 * (1 + 2.5 * L2)) -> 8.28 | U2: =IF(M2="","", MAX(0, MIN(100, (1 - ((M2 - 'Parameters (2)'!$B$8) / ('Parameters (2)'!$B$7 - 'Parameters (2)'!$B$8))) * 100))) -> 96.566667 | V2: =IF(N2="","", MAX(0, MIN(100, (1 - ((N2 - 'Parameters (2)'!$B$10) / ('Parameters (2)'!$B$9 - 'Parameters (2)'!$B$10))) * 100))) -> 66.653333 | W2: =IF(O2="","", MAX(0, MIN(100, (1 - ((O2 - 'Parameters (2)'!$B$12) / ('Parameters (2)'!$B$11 - 'Parameters (2)'!$B$12))) * 100))) -> 88.5 | X2: =IF(P2="","", MAX(0, MIN(100, (1 - ((P2 - 'Parameters (2)'!$B$14) / ('Parameters (2)'!$B$13 - 'Parameters (2)'!$B$14))) * 100))) -> 46 | Y2: =IF(Q2="","", Q2) -> 62 | Z2: =IF(U2="","", U2*'Parameters (2)'!$B$2 + V2*'Parameters (2)'!$B$3 + W2*'Parameters (2)'!$B$4 + X2*'Parameters (2)'!$B$5 + Y2*'Parameters (2)'!$B$6) -> 76.836667 | AA2: =IF(Z2="","", IF(Z2>=90,"A", IF(Z2>=75,"B", IF(Z2>=50,"C", IF(Z2>=25,"D","E"))))) -> B
A3: Jeans | B3: Body | C3: Cotton (organic) | D3: 800 | F3: Cotton (organic) | G3: 1 | I3: 0 | J3: 0 | K3: FALSE | L3: 0 | M3: =IF(H3="", INDEX('Materials (2)'!C:C, MATCH(F3, 'Materials (2)'!A:A, 0)), INDEX('Materials (2)'!C:C, MATCH(F3, 'Materials (2)'!A:A, 0))*G3 + INDEX('Materials (2)'!C:C, MATCH(H3, 'Materials (2)'!A:A, 0))*I3) -> 1.5 | N3: =IF(H3="", INDEX('Materials (2)'!D:D, MATCH(F3, 'Materials (2)'!A:A, 0)), INDEX('Materials (2)'!D:D, MATCH(F3, 'Materials (2)'!A:A, 0))*G3 + INDEX('Materials (2)'!D:D, MATCH(H3, 'Materials (2)'!A:A, 0))*I3) -> 5000 | O3: =IF(H3="", INDEX('Materials (2)'!E:E, MATCH(F3, 'Materials (2)'!A:A, 0)), INDEX('Materials (2)'!E:E, MATCH(F3, 'Materials (2)'!A:A, 0))*G3 + INDEX('Materials (2)'!E:E, MATCH(H3, 'Materials (2)'!A:A, 0))*I3) -> 50 | P3: =IF(H3="", INDEX('Materials (2)'!F:F, MATCH(F3, 'Materials (2)'!A:A, 0)), INDEX('Materials (2)'!F:F, MATCH(F3, 'Materials (2)'!A:A, 0))*G3 + INDEX('Materials (2)'!F:F, MATCH(H3, 'Materials (2)'!A:A, 0))*I3) -> 3 | Q3: =IF(H3="", INDEX('Materials (2)'!G:G, MATCH(F3, 'Materials (2)'!A:A, 0)), INDEX('Materials (2)'!G:G, MATCH(F3, 'Materials (2)'!A:A, 0))*G3 + INDEX('Materials (2)'!G:G, MATCH(H3, 'Materials (2)'!A:A, 0))*I3) -> 60 | R3: =IF(M3="","", (D3/1000) * M3 * (1 + 2.5 * L3)) -> 1.2 | S3: =IF(N3="","", (D3/1000) * N3) -> 4000 | T3: =IF(O3="","", (D3/1000) * O3 * (1 + 2.5 * L3)) -> 40 | U3: =IF(M3="","", MAX(0, MIN(100, (1 - ((M3 - 'Parameters (2)'!$B$8) / ('Parameters (2)'!$B$7 - 'Parameters (2)'!$B$8))) * 100))) -> 97.5 | V3: =IF(N3="","", MAX(0, MIN(100, (1 - ((N3 - 'Parameters (2)'!$B$10) / ('Parameters (2)'!$B$9 - 'Parameters (2)'!$B$10))) * 100))) -> 83.333333 | W3: =IF(O3="","", MAX(0, MIN(100, (1 - ((O3 - 'Parameters (2)'!$B$12) / ('Parameters (2)'!$B$11 - 'Parameters (2)'!$B$12))) * 100))) -> 87.5 | X3: =IF(P3="","", MAX(0, MIN(100, (1 - ((P3 - 'Parameters (2)'!$B$14) / ('Parameters (2)'!$B$13 - 'Parameters (2)'!$B$14))) * 100))) -> 70 | Y3: =IF(Q3="","", Q3) -> 60 | Z3: =IF(U3="","", U3*'Parameters (2)'!$B$2 + V3*'Parameters (2)'!$B$3 + W3*'Parameters (2)'!$B$4 + X3*'Parameters (2)'!$B$5 + Y3*'Parameters (2)'!$B$6) -> 84.583333 | AA3: =IF(Z3="","", IF(Z3>=90,"A", IF(Z3>=75,"B", IF(Z3>=50,"C", IF(Z3>=25,"D","E"))))) -> B
A4: Fleece | B4: Body | C4: rPET | D4: 400 | F4: rPET | G4: 1 | I4: 0 | J4: 0 | K4: FALSE | L4: 0 | M4: =IF(H4="", INDEX('Materials (2)'!C:C, MATCH(F4, 'Materials (2)'!A:A, 0)), INDEX('Materials (2)'!C:C, MATCH(F4, 'Materials (2)'!A:A, 0))*G4 + INDEX('Materials (2)'!C:C, MATCH(H4, 'Materials (2)'!A:A, 0))*I4) -> 1.5 | N4: =IF(H4="", INDEX('Materials (2)'!D:D, MATCH(F4, 'Materials (2)'!A:A, 0)), INDEX('Materials (2)'!D:D, MATCH(F4, 'Materials (2)'!A:A, 0))*G4 + INDEX('Materials (2)'!D:D, MATCH(H4, 'Materials (2)'!A:A, 0))*I4) -> 20 | O4: =IF(H4="", INDEX('Materials (2)'!E:E, MATCH(F4, 'Materials (2)'!A:A, 0)), INDEX('Materials (2)'!E:E, MATCH(F4, 'Materials (2)'!A:A, 0))*G4 + INDEX('Materials (2)'!E:E, MATCH(H4, 'Materials (2)'!A:A, 0))*I4) -> 30 | P4: =IF(H4="", INDEX('Materials (2)'!F:F, MATCH(F4, 'Materials (2)'!A:A, 0)), INDEX('Materials (2)'!F:F, MATCH(F4, 'Materials (2)'!A:A, 0))*G4 + INDEX('Materials (2)'!F:F, MATCH(H4, 'Materials (2)'!A:A, 0))*I4) -> 3 | Q4: =IF(H4="", INDEX('Materials (2)'!G:G, MATCH(F4, 'Materials (2)'!A:A, 0)), INDEX('Materials (2)'!G:G, MATCH(F4, 'Materials (2)'!A:A, 0))*G4 + INDEX('Materials (2)'!G:G, MATCH(H4, 'Materials (2)'!A:A, 0))*I4) -> 70 | R4: =IF(M4="","", (D4/1000) * M4 * (1 + 2.5 * L4)) -> 0.6 | S4: =IF(N4="","", (D4/1000) * N4) -> 8 | T4: =IF(O4="","", (D4/1000) * O4 * (1 + 2.5 * L4)) -> 12 | U4: =IF(M4="","", MAX(0, MIN(100, (1 - ((M4 - 'Parameters (2)'!$B$8) / ('Parameters (2)'!$B$7 - 'Parameters (2)'!$B$8))) * 100))) -> 97.5 | V4: =IF(N4="","", MAX(0, MIN(100, (1 - ((N4 - 'Parameters (2)'!$B$10) / ('Parameters (2)'!$B$9 - 'Parameters (2)'!$B$10))) * 100))) -> 99.933333 | W4: =IF(O4="","", MAX(0, MIN(100, (1 - ((O4 - 'Parameters (2)'!$B$12) / ('Parameters (2)'!$B$11 - 'Parameters (2)'!$B$12))) * 100))) -> 92.5 | X4: =IF(P4="","", MAX(0, MIN(100, (1 - ((P4 - 'Parameters (2)'!$B$14) / ('Parameters (2)'!$B$13 - 'Parameters (2)'!$B$14))) * 100))) -> 70 | Y4: =IF(Q4="","", Q4) -> 70 | Z4: =IF(U4="","", U4*'Parameters (2)'!$B$2 + V4*'Parameters (2)'!$B$3 + W4*'Parameters (2)'!$B$4 + X4*'Parameters (2)'!$B$5 + Y4*'Parameters (2)'!$B$6) -> 90.483333 | AA4: =IF(Z4="","", IF(Z4>=90,"A", IF(Z4>=75,"B", IF(Z4>=50,"C", IF(Z4>=25,"D","E"))))) -> A
A5: Softshell | B5: Shell | C5: Composite | D5: 600 | F5: Nylon (virgin) | G5: 0.77 | H5: PU coating | I5: 0.23 | J5: 0 | K5: TRUE | L5: 0 | M5: =IF(H5="", INDEX('Materials (2)'!C:C, MATCH(F5, 'Materials (2)'!A:A, 0)), INDEX('Materials (2)'!C:C, MATCH(F5, 'Materials (2)'!A:A, 0))*G5 + INDEX('Materials (2)'!C:C, MATCH(H5, 'Materials (2)'!A:A, 0))*I5) -> 9.425 | N5: =IF(H5="", INDEX('Materials (2)'!D:D, MATCH(F5, 'Materials (2)'!A:A, 0)), INDEX('Materials (2)'!D:D, MATCH(F5, 'Materials (2)'!A:A, 0))*G5 + INDEX('Materials (2)'!D:D, MATCH(H5, 'Materials (2)'!A:A, 0))*I5) -> 144.15 | O5: =IF(H5="", INDEX('Materials (2)'!E:E, MATCH(F5, 'Materials (2)'!A:A, 0)), INDEX('Materials (2)'!E:E, MATCH(F5, 'Materials (2)'!A:A, 0))*G5 + INDEX('Materials (2)'!E:E, MATCH(H5, 'Materials (2)'!A:A, 0))*I5) -> 86.15 | P5: =IF(H5="", INDEX('Materials (2)'!F:F, MATCH(F5, 'Materials (2)'!A:A, 0)), INDEX('Materials (2)'!F:F, MATCH(F5, 'Materials (2)'!A:A, 0))*G5 + INDEX('Materials (2)'!F:F, MATCH(H5, 'Materials (2)'!A:A, 0))*I5) -> 7 | Q5: =IF(H5="", INDEX('Materials (2)'!G:G, MATCH(F5, 'Materials (2)'!A:A, 0)), INDEX('Materials (2)'!G:G, MATCH(F5, 'Materials (2)'!A:A, 0))*G5 + INDEX('Materials (2)'!G:G, MATCH(H5, 'Materials (2)'!A:A, 0))*I5) -> 41.55 | R5: =IF(M5="","", (D5/1000) * M5 * (1 + 2.5 * L5)) -> 5.655 | S5: =IF(N5="","", (D5/1000) * N5) -> 86.49 | T5: =IF(O5="","", (D5/1000) * O5 * (1 + 2.5 * L5)) -> 51.69 | U5: =IF(M5="","", MAX(0, MIN(100, (1 - ((M5 - 'Parameters (2)'!$B$8) / ('Parameters (2)'!$B$7 - 'Parameters (2)'!$B$8))) * 100))) -> 84.291667 | V5: =IF(N5="","", MAX(0, MIN(100, (1 - ((N5 - 'Parameters (2)'!$B$10) / ('Parameters (2)'!$B$9 - 'Parameters (2)'!$B$10))) * 100))) -> 99.5195 | W5: =IF(O5="","", MAX(0, MIN(100, (1 - ((O5 - 'Parameters (2)'!$B$12) / ('Parameters (2)'!$B$11 - 'Parameters (2)'!$B$12))) * 100))) -> 78.4625 | X5: =IF(P5="","", MAX(0, MIN(100, (1 - ((P5 - 'Parameters (2)'!$B$14) / ('Parameters (2)'!$B$13 - 'Parameters (2)'!$B$14))) * 100))) -> 30 | Y5: =IF(Q5="","", Q5) -> 41.55 | Z5: =IF(U5="","", U5*'Parameters (2)'!$B$2 + V5*'Parameters (2)'!$B$3 + W5*'Parameters (2)'!$B$4 + X5*'Parameters (2)'!$B$5 + Y5*'Parameters (2)'!$B$6) -> 74.806333 | AA5: =IF(Z5="","", IF(Z5>=90,"A", IF(Z5>=75,"B", IF(Z5>=50,"C", IF(Z5>=25,"D","E"))))) -> C
A6: Softshell | B6: Lining | C6: Nylon (virgin) | D6: 150 | F6: Nylon (virgin) | G6: 1 | I6: 0 | J6: FALSE | K6: 0 | M6: =IF(H6="", INDEX('Materials (2)'!C:C, MATCH(F6, 'Materials (2)'!A:A, 0)), INDEX('Materials (2)'!C:C, MATCH(F6, 'Materials (2)'!A:A, 0))*G6 + INDEX('Materials (2)'!C:C, MATCH(H6, 'Materials (2)'!A:A, 0))*I6) -> 10 | N6: =IF(H6="", INDEX('Materials (2)'!D:D, MATCH(F6, 'Materials (2)'!A:A, 0)), INDEX('Materials (2)'!D:D, MATCH(F6, 'Materials (2)'!A:A, 0))*G6 + INDEX('Materials (2)'!D:D, MATCH(H6, 'Materials (2)'!A:A, 0))*I6) -> 120 | O6: =IF(H6="", INDEX('Materials (2)'!E:E, MATCH(F6, 'Materials (2)'!A:A, 0)), INDEX('Materials (2)'!E:E, MATCH(F6, 'Materials (2)'!A:A, 0))*G6 + INDEX('Materials (2)'!E:E, MATCH(H6, 'Materials (2)'!A:A, 0))*I6) -> 85 | P6: =IF(H6="", INDEX('Materials (2)'!F:F, MATCH(F6, 'Materials (2)'!A:A, 0)), INDEX('Materials (2)'!F:F, MATCH(F6, 'Materials (2)'!A:A, 0))*G6 + INDEX('Materials (2)'!F:F, MATCH(H6, 'Materials (2)'!A:A, 0))*I6) -> 7 | Q6: =IF(H6="", INDEX('Materials (2)'!G:G, MATCH(F6, 'Materials (2)'!A:A, 0)), INDEX('Materials (2)'!G:G, MATCH(F6, 'Materials (2)'!A:A, 0))*G6 + INDEX('Materials (2)'!G:G, MATCH(H6, 'Materials (2)'!A:A, 0))*I6) -> 45 | R6: =IF(M6="","", (D6/1000) * M6 * (1 + 2.5 * L6)) -> 1.5 | S6: =IF(N6="","", (D6/1000) * N6) -> 18 | T6: =IF(O6="","", (D6/1000) * O6 * (1 + 2.5 * L6)) -> 12.75 | U6: =IF(M6="","", MAX(0, MIN(100, (1 - ((M6 - 'Parameters (2)'!$B$8) / ('Parameters (2)'!$B$7 - 'Parameters (2)'!$B$8))) * 100))) -> 83.333333 | V6: =IF(N6="","", MAX(0, MIN(100, (1 - ((N6 - 'Parameters (2)'!$B$10) / ('Parameters (2)'!$B$9 - 'Parameters (2)'!$B$10))) * 100))) -> 99.6 | W6: =IF(O6="","", MAX(0, MIN(100, (1 - ((O6 - 'Parameters (2)'!$B$12) / ('Parameters (2)'!$B$11 - 'Parameters (2)'!$B$12))) * 100))) -> 78.75 | X6: =IF(P6="","", MAX(0, MIN(100, (1 - ((P6 - 'Parameters (2)'!$B$14) / ('Parameters (2)'!$B$13 - 'Parameters (2)'!$B$14))) * 100))) -> 30 | Y6: =IF(Q6="","", Q6) -> 45 | Z6: =IF(U6="","", U6*'Parameters (2)'!$B$2 + V6*'Parameters (2)'!$B$3 + W6*'Parameters (2)'!$B$4 + X6*'Parameters (2)'!$B$5 + Y6*'Parameters (2)'!$B$6) -> 74.879167 | AA6: =IF(Z6="","", IF(Z6>=90,"A", IF(Z6>=75,"B", IF(Z6>=50,"C", IF(Z6>=25,"D","E"))))) -> C
A7: Softshell | B7: Zipper | C7: Trim | D7: 30 | F7: Leather (metal zipper proxy) | G7: 1 | I7: 0 | J7: FALSE | K7: 0 | M7: =IF(H7="", INDEX('Materials (2)'!C:C, MATCH(F7, 'Materials (2)'!A:A, 0)), INDEX('Materials (2)'!C:C, MATCH(F7, 'Materials (2)'!A:A, 0))*G7 + INDEX('Materials (2)'!C:C, MATCH(H7, 'Materials (2)'!A:A, 0))*I7) -> 15 | N7: =IF(H7="", INDEX('Materials (2)'!D:D, MATCH(F7, 'Materials (2)'!A:A, 0)), INDEX('Materials (2)'!D:D, MATCH(F7, 'Materials (2)'!A:A, 0))*G7 + INDEX('Materials (2)'!D:D, MATCH(H7, 'Materials (2)'!A:A, 0))*I7) -> 775 | O7: =IF(H7="", INDEX('Materials (2)'!E:E, MATCH(F7, 'Materials (2)'!A:A, 0)), INDEX('Materials (2)'!E:E, MATCH(F7, 'Materials (2)'!A:A, 0))*G7 + INDEX('Materials (2)'!E:E, MATCH(H7, 'Materials (2)'!A:A, 0))*I7) -> 120 | P7: =IF(H7="", INDEX('Materials (2)'!F:F, MATCH(F7, 'Materials (2)'!A:A, 0)), INDEX('Materials (2)'!F:F, MATCH(F7, 'Materials (2)'!A:A, 0))*G7 + INDEX('Materials (2)'!F:F, MATCH(H7, 'Materials (2)'!A:A, 0))*I7) -> 5 | Q7: =IF(H7="", INDEX('Materials (2)'!G:G, MATCH(F7, 'Materials (2)'!A:A, 0)), INDEX('Materials (2)'!G:G, MATCH(F7, 'Materials (2)'!A:A, 0))*G7 + INDEX('Materials (2)'!G:G, MATCH(H7, 'Materials (2)'!A:A, 0))*I7) -> 40 | R7: =IF(M7="","", (D7/1000) * M7 * (1 + 2.5 * L7)) -> 0.45 | S7: =IF(N7="","", (D7/1000) * N7) -> 23.25 | T7: =IF(O7="","", (D7/1000) * O7 * (1 + 2.5 * L7)) -> 3.6 | U7: =IF(M7="","", MAX(0, MIN(100, (1 - ((M7 - 'Parameters (2)'!$B$8) / ('Parameters (2)'!$B$7 - 'Parameters (2)'!$B$8))) * 100))) -> 75 | V7: =IF(N7="","", MAX(0, MIN(100, (1 - ((N7 - 'Parameters (2)'!$B$10) / ('Parameters (2)'!$B$9 - 'Parameters (2)'!$B$10))) * 100))) -> 97.416667 | W7: =IF(O7="","", MAX(0, MIN(100, (1 - ((O7 - 'Parameters (2)'!$B$12) / ('Parameters (2)'!$B$11 - 'Parameters (2)'!$B$12))) * 100))) -> 70 | X7: =IF(P7="","", MAX(0, MIN(100, (1 - ((P7 - 'Parameters (2)'!$B$14) / ('Parameters (2)'!$B$13 - 'Parameters (2)'!$B$14))) * 100))) -> 50 | Y7: =IF(Q7="","", Q7) -> 40 | Z7: =IF(U7="","", U7*'Parameters (2)'!$B$2 + V7*'Parameters (2)'!$B$3 + W7*'Parameters (2)'!$B$4 + X7*'Parameters (2)'!$B$5 + Y7*'Parameters (2)'!$B$6) -> 72.604167 | AA7: =IF(Z7="","", IF(Z7>=90,"A", IF(Z7>=75,"B", IF(Z7>=50,"C", IF(Z7>=25,"D","E"))))) -> C
A8: Leggings | B8: Body | C8: Blend | D8: 220 | F8: rPET | G8: 0.8 | H8: Elastane | I8: 0.2 | J8: 0 | K8: FALSE | L8: 0.2 | M8: =IF(H8="", INDEX('Materials (2)'!C:C, MATCH(F8, 'Materials (2)'!A:A, 0)), INDEX('Materials (2)'!C:C, MATCH(F8, 'Materials (2)'!A:A, 0))*G8 + INDEX('Materials (2)'!C:C, MATCH(H8, 'Materials (2)'!A:A, 0))*I8) -> 4.7 | N8: =IF(H8="", INDEX('Materials (2)'!D:D, MATCH(F8, 'Materials (2)'!A:A, 0)), INDEX('Materials (2)'!D:D, MATCH(F8, 'Materials (2)'!A:A, 0))*G8 + INDEX('Materials (2)'!D:D, MATCH(H8, 'Materials (2)'!A:A, 0))*I8) -> 27 | O8: =IF(H8="", INDEX('Materials (2)'!E:E, MATCH(F8, 'Materials (2)'!A:A, 0)), INDEX('Materials (2)'!E:E, MATCH(F8, 'Materials (2)'!A:A, 0))*G8 + INDEX('Materials (2)'!E:E, MATCH(H8, 'Materials (2)'!A:A, 0))*I8) -> 52 | P8: =IF(H8="", INDEX('Materials (2)'!F:F, MATCH(F8, 'Materials (2)'!A:A, 0)), INDEX('Materials (2)'!F:F, MATCH(F8, 'Materials (2)'!A:A, 0))*G8 + INDEX('Materials (2)'!F:F, MATCH(H8, 'Materials (2)'!A:A, 0))*I8) -> 4.2 | Q8: =IF(H8="", INDEX('Materials (2)'!G:G, MATCH(F8, 'Materials (2)'!A:A, 0)), INDEX('Materials (2)'!G:G, MATCH(F8, 'Materials (2)'!A:A, 0))*G8 + INDEX('Materials (2)'!G:G, MATCH(H8, 'Materials (2)'!A:A, 0))*I8) -> 58 | R8: =IF(M8="","", (D8/1000) * M8 * (1 + 2.5 * L8)) -> 1.551 | S8: =IF(N8="","", (D8/1000) * N8) -> 5.94 | T8: =IF(O8="","", (D8/1000) * O8 * (1 + 2.5 * L8)) -> 17.16 | U8: =IF(M8="","", MAX(0, MIN(100, (1 - ((M8 - 'Parameters (2)'!$B$8) / ('Parameters (2)'!$B$7 - 'Parameters (2)'!$B$8))) * 100))) -> 92.166667 | V8: =IF(N8="","", MAX(0, MIN(100, (1 - ((N8 - 'Parameters (2)'!$B$10) / ('Parameters (2)'!$B$9 - 'Parameters (2)'!$B$10))) * 100))) -> 99.91 | W8: =IF(O8="","", MAX(0, MIN(100, (1 - ((O8 - 'Parameters (2)'!$B$12) / ('Parameters (2)'!$B$11 - 'Parameters (2)'!$B$12))) * 100))) -> 87 | X8: =IF(P8="","", MAX(0, MIN(100, (1 - ((P8 - 'Parameters (2)'!$B$14) / ('Parameters (2)'!$B$13 - 'Parameters (2)'!$B$14))) * 100))) -> 58 | Y8: =IF(Q8="","", Q8) -> 58 | Z8: =IF(U8="","", U8*'Parameters (2)'!$B$2 + V8*'Parameters (2)'!$B$3 + W8*'Parameters (2)'!$B$4 + X8*'Parameters (2)'!$B$5 + Y8*'Parameters (2)'!$B$6) -> 84.785833 | AA8: =IF(Z8="","", IF(Z8>=90,"A", IF(Z8>=75,"B", IF(Z8>=50,"C", IF(Z8>=25,"D","E"))))) -> B

Sheet Examples_Notes
A1: Product | B1: Step-by-step calculation summary
A2: T-Shirt | B2: Blend CO2 per kg = 0.8*2.2 + 0.2*1.5 = 2.06 kgCO2/kg; CO2 total = 0.18*2.06 = 0.371 kg CO2; Subscores normalized and eco-score computed.
A3: Jeans | B3: CO2 per kg = 1.5 kgCO2/kg (organic); CO2 total = 0.8*1.5 = 1.2 kg CO2; continue normalization.
A4: Fleece | B4: CO2 per kg = 1.5 kgCO2/kg (rPET); CO2 total = 0.4*1.5 = 0.6 kg CO2.
A5: Softshell Shell | B5: Blend CO2 per kg = 0.77*10 + 0.23*7.5 = 9.425 kgCO2/kg; CO2 total = 0.6*9.425 = 5.655 kg CO2.
A6: Leggings | B6: Blend CO2 per kg = 0.8*1.5 + 0.2*17.5 = 4.7 kgCO2/kg; apply elastane multiplier 1+2.5*0.2=1.5 => adjusted = 7.05 kgCO2/kg; CO2 total = 0.22*7.05 = 1.551 kg CO2.

Sheet Sheet1
